{"cameraMode":{"drawMode":0,"name":"Shaded","section":"Shading Mode"},"sceneLighting":true,"audioPlay":false,"sceneViewState":{"m_AlwaysRefresh":false,"showFog":true,"showSkybox":true,"showFlares":true,"showImageEffects":true,"showParticleSystems":true,"showVisualEffectGraphs":true,"m_FxEnabled":true},"in2DMode":false,"pivot":{"x":1.1534638404846192,"y":4.745500564575195,"z":0.5541505813598633},"rotation":{"x":0.01194413285702467,"y":0.09614046663045883,"z":0.0011537153040990234,"w":-0.995295524597168},"size":7.3698530197143559,"orthographic":false}