{"cameraMode":{"drawMode":0,"name":"Shaded","section":"Shading Mode"},"sceneLighting":false,"audioPlay":false,"sceneViewState":{"showFog":true,"showMaterialUpdate":false,"showSkybox":false,"showFlares":true,"showImageEffects":true,"showParticleSystems":true},"in2DMode":false,"pivot":{"x":0.0,"y":2.3593533039093019,"z":-2.779399871826172},"rotation":{"x":-0.11487329751253128,"y":-0.14606279134750367,"z":0.017078043892979623,"w":-0.9824417233467102},"size":11.884925842285157,"orthographic":true}