{"cameraMode":{"drawMode":0,"name":"Shaded","section":"Shading Mode"},"sceneLighting":true,"audioPlay":false,"sceneViewState":{"showFog":true,"showMaterialUpdate":false,"showSkybox":true,"showFlares":true,"showImageEffects":true,"showParticleSystems":true},"in2DMode":false,"pivot":{"x":1.0315078496932984,"y":4.501569747924805,"z":-2.2955522537231447},"rotation":{"x":-0.11487329751253128,"y":-0.14606279134750367,"z":0.017078043892979623,"w":-0.9824417233467102},"size":30.384815216064454,"orthographic":true}