{"cameraMode":{"drawMode":0,"name":"Shaded","section":"Shading Mode"},"sceneLighting":false,"audioPlay":false,"sceneViewState":{"m_AlwaysRefresh":false,"showFog":true,"showSkybox":false,"showFlares":true,"showImageEffects":true,"showParticleSystems":true,"showVisualEffectGraphs":true,"m_FxEnabled":true},"in2DMode":false,"pivot":{"x":-1.2369790077209473,"y":-0.009228862822055817,"z":1.5913437604904175},"rotation":{"x":0.3718683421611786,"y":0.6048925518989563,"z":-0.5934029817581177,"w":0.3790701925754547},"size":3.7296886444091799,"orthographic":false}