{"cameraMode":{"drawMode":0,"name":"Shaded","section":"Shading Mode"},"sceneLighting":false,"audioPlay":false,"sceneViewState":{"m_AlwaysRefresh":false,"showFog":true,"showSkybox":false,"showFlares":true,"showImageEffects":true,"showParticleSystems":true,"showVisualEffectGraphs":true,"m_FxEnabled":true},"in2DMode":false,"pivot":{"x":17.10214614868164,"y":0.6185863018035889,"z":3.398033857345581},"rotation":{"x":0.08672120422124863,"y":-0.5254620313644409,"z":0.053948063403367999,"w":0.8446705937385559},"size":1.2541477680206299,"orthographic":false}